id,first_name,last_name,email,gender,Company,Phone
59-8451163,Petrina,Asals,pasals0@blinklist.com,Female,"Golden State Medical Supply, Inc.",626-97-6064
35-9414204,Rosemarie,Kilvington,rkilvington1@nifty.com,Female,Publix Super Markets Inc,508-89-7465
14-1061653,Lay,Fullick,lfullick2@omniture.com,Male,KAISER FOUNDATION HOSPITALS,368-18-4894
08-8869953,Michell,Polak,mpolak3@statcounter.com,Female,Rebel Distributors Corp,820-94-9927
39-3248752,Saul,Whyley,swhyley4@businesswire.com,Male,"NATURE REPUBLIC CO., LTD.",187-23-9750
22-0956240,Kim,Rate,krate5@census.gov,Female,Delta Brands Inc,652-70-0202
50-7101962,Caty,Bygrove,cbygrove6@sakura.ne.jp,Female,McKesson,879-16-7025
60-7881336,Camella,Becarra,cbecarra7@parallels.com,Female,HyVee Inc,848-29-4939
48-5748847,Melesa,Colam,mcolam8@squidoo.com,Female,"Forest Laboratories, Inc.",725-29-9375
70-3873478,Steven,Seifenmacher,sseifenmacher9@furl.net,Male,Aurobindo Pharma Limited,581-97-6624
30-9493075,Daren,Eddison,deddisona@usatoday.com,Male,Lake Erie Medical DBA Quality Care Products LLC,432-39-4943
74-1727796,Francene,Phuprate,fphuprateb@wisc.edu,Female,STAT Rx USA LLC,646-98-4734
69-4066510,Chrystal,Pearch,cpearchc@statcounter.com,Female,"Chattem, Inc.",774-38-9848
94-3343627,Solly,Tweddell,stweddelld@merriam-webster.com,Male,"Allure Labs, Inc.",460-92-5009
29-1370210,Lawton,Boutflour,lboutfloure@google.co.jp,Male,ECR Pharmaceuticals,685-33-4624
40-2009745,Trista,Reddish,treddishf@51.la,Female,Deseret Biologicals Inc.,543-04-3498
09-5219400,Christal,Cokly,ccoklyg@1und1.de,Female,Conopco Inc. d/b/a Unilever,670-54-9977
10-1630564,Tobit,Baldrick,tbaldrickh@wiley.com,Male,"Allergy Laboratories, Inc.",604-90-5805
02-2937737,Cinderella,Warin,cwarini@netlog.com,Female,OrchidPharma Inc,116-71-0637
62-9195306,Donnajean,Healeas,dhealeasj@ftc.gov,Female,Cadila Healthcare Limited,296-99-6728
14-1898846,Clara,Americi,camericik@samsung.com,Female,Rebel Distributors Corp,812-18-5462
23-4523400,Peggy,Filchagin,pfilchaginl@barnesandnoble.com,Female,Target Corporation,679-53-5357
84-6963374,Torey,Cohane,tcohanem@pagesperso-orange.fr,Male,Lake Erie Medical DBA Quality Care Products LLC,138-73-8407
23-3575288,Jeana,McLarens,jmclarensn@huffingtonpost.com,Female,Aidarex Pharmaceuticals LLC,187-57-5705
77-7036708,Sancho,Karchewski,skarchewskio@stumbleupon.com,Male,"Quinnova Pharmaceuticals, Inc.",592-53-5730
15-8466731,Tedmund,Tiptaft,ttiptaftp@ed.gov,Male,"Aphena Pharma Solutions - Tennessee, LLC",601-52-1117
46-1089469,Willis,Shaughnessy,wshaughnessyq@dropbox.com,Male,Amneal Pharmaceuticals,842-55-9016
92-5755506,Addy,Colebeck,acolebeckr@unblog.fr,Male,"ALK-Abello, Inc.",205-87-0840
99-9401924,Ollie,Cutten,ocuttens@lycos.com,Female,J. A. Cosmetics U.S. INC,214-81-9860
40-5832581,Jamesy,Pegg,jpeggt@stumbleupon.com,Male,"Lil' Drug Store Products, Inc.",356-27-8781
28-8014598,Luella,Bridden,lbriddenu@yellowpages.com,Female,Safeway,112-23-0704
22-6061501,Emlen,L'Homme,elhommev@theglobeandmail.com,Male,"NATURE REPUBLIC CO., LTD.",225-18-1424
83-9187902,Marmaduke,Tatlow,mtatloww@buzzfeed.com,Male,REMEDYREPACK INC.,628-64-6762
05-7762686,Kylynn,Siege,ksiegex@squarespace.com,Female,Kroger Company,467-38-3270
94-2188140,Garvey,Spincks,gspincksy@nymag.com,Male,Midlothian Laboratories,867-74-5466
32-8815061,Kenny,Middlehurst,kmiddlehurstz@cornell.edu,Male,Golden Sun DBA Newhall Laboratories,864-27-8120
88-9251579,Kittie,Gelletly,kgelletly10@trellian.com,Female,"Nelco Laboratories, Inc.",288-94-6062
83-6170213,Maude,Cesco,mcesco11@rambler.ru,Female,Virtus Pharmaceuticals LLC,300-09-3848
68-7734943,Mead,Humburton,mhumburton12@reddit.com,Female,"Dental Technologies, Inc.",868-62-5838
86-2667616,Debor,Joinson,djoinson13@free.fr,Female,"MSD Consumer Care, Inc.",484-05-1071
56-9313696,Twyla,Noto,tnoto14@bing.com,Female,Baxter Healthcare Corporation,632-07-8704
95-3808535,Tyrus,Flett,tflett15@walmart.com,Male,Meijer Distribution Inc,323-80-5047
39-3661683,Kaleb,Stillman,kstillman16@slideshare.net,Male,Kroger Company,547-39-9333
89-5053483,Thomasina,Strongman,tstrongman17@paginegialle.it,Female,Bryant Ranch Prepack,874-78-9884
39-0822326,Kynthia,Ballham,kballham18@yahoo.co.jp,Female,Novo Nordisk,467-10-2877
42-3993751,Fredia,Goldring,fgoldring19@hibu.com,Female,"Nephro-Tech, Inc.",159-79-9440
85-9375598,Paula,Labuschagne,plabuschagne1a@epa.gov,Female,CLINIQUE LABORATORIES INC,136-15-7203
49-2793949,Elonore,Feria,eferia1b@behance.net,Female,L'Oreal USA Products Inc,242-67-6457
96-9112870,Bentlee,Alfonso,balfonso1c@freewebs.com,Male,"Caregen Co., Ltd.",652-25-7890
33-8320782,Raquela,Roubeix,rroubeix1d@wiley.com,Female,"Nelco Laboratories, Inc.",531-12-5597
53-6337973,Leo,Twelves,ltwelves1e@example.com,Male,"On The Job, LLC",830-88-6351
97-4029723,Donella,Aldcorn,daldcorn1f@nbcnews.com,Female,Uriel Pharmacy Inc.,765-92-2020
77-1544657,Griffin,Rebichon,grebichon1g@e-recht24.de,Male,Ranbaxy Pharmaceuticals Inc.,534-24-6167
13-6889468,Kaylee,Covely,kcovely1h@privacy.gov.au,Female,White Manufacturing Inc. DBA Micro-West,107-51-2388
09-4125122,Arline,Croydon,acroydon1i@example.com,Female,Teva Pharmaceuticals USA Inc,123-51-4654
00-5357870,Vivian,Gaffon,vgaffon1j@va.gov,Female,Sandoz Inc,119-87-0346
77-0278181,Lyda,Coonihan,lcoonihan1k@berkeley.edu,Female,"Allermed Laboratories, Inc.",186-85-1325
88-4967857,Freda,Cicci,fcicci1l@yale.edu,Female,State of Florida DOH Central Pharmacy,859-74-0623
35-7900052,Bertie,Delacourt,bdelacourt1m@naver.com,Female,Parke-Davis Div of Pfizer Inc,164-08-5952
98-6095447,Beaufort,Leggett,bleggett1n@japanpost.jp,Male,"Depomed, Inc.",443-95-3638
99-3491299,Tanhya,Lowthorpe,tlowthorpe1o@uol.com.br,Female,Webb Candy,216-02-4064
55-0670748,Sherwood,Jaquin,sjaquin1p@t-online.de,Male,Uriel Pharmacy Inc.,764-74-3380
04-0018008,Reinald,Beville,rbeville1q@google.fr,Male,Neutrogena Corporation,638-22-7250
56-4659140,Constantino,McFadin,cmcfadin1r@nps.gov,Male,Insight Pharmaceuticals,831-45-5800
35-6200516,Gloriana,Dumbleton,gdumbleton1s@bluehost.com,Female,Baxter Healthcare Corporation,246-80-9361
03-8092580,Rourke,Vaggs,rvaggs1t@1und1.de,Male,U.S.I.A. Inc,489-42-9085
09-5795514,Milissent,Twallin,mtwallin1u@naver.com,Female,"Solco healthcare U.S., LLC",476-69-9240
26-8775573,Carlotta,Slowey,cslowey1v@e-recht24.de,Female,Unifirst First Aid Corporation,717-29-2508
04-6377451,Colver,Slott,cslott1w@51.la,Male,Teva Pharmaceuticals USA Inc,367-39-5857
74-6680088,Winny,Nowland,wnowland1x@mit.edu,Male,"Golden State Medical Supply, Inc.",195-57-1070
63-5458551,Bridgette,Longega,blongega1y@illinois.edu,Female,"PSS World Medical, Inc.",746-99-0470
69-1614953,Wendell,Barroux,wbarroux1z@angelfire.com,Male,Kmart Corporation,297-95-7735
26-5018463,Earlie,Giamitti,egiamitti20@bravesites.com,Male,Every man jack,409-19-4376
66-7117911,Anthony,Roxbee,aroxbee21@fda.gov,Male,Reckitt Benckiser LLC,522-27-2479
84-0893935,Cynthea,Alcoran,calcoran22@infoseek.co.jp,Female,"Nelco Laboratories, Inc.",241-59-5106
89-8522075,Kenna,Olliar,kolliar23@nbcnews.com,Female,Premier Dental Products Company,453-29-7426
41-5628011,Tracy,Maker,tmaker24@mozilla.org,Female,McKesson,259-90-3020
39-4835903,Dalli,Dawe,ddawe25@archive.org,Male,"Jets, Sets, & Elephants Beauty Corp.",822-58-5908
31-5135678,Jacynth,Shackle,jshackle26@sohu.com,Female,STAT Rx USA LLC,122-84-0863
71-3459625,Decca,Uebel,duebel27@stumbleupon.com,Male,Procter & Gamble Manufacturing Company,705-34-5052
17-2455829,Korney,Chataignier,kchataignier28@ameblo.jp,Female,S+,564-97-7586
70-9936857,Clarice,Andrzejowski,candrzejowski29@cdbaby.com,Female,REMEDYREPACK INC.,164-81-2729
76-6073063,Lila,Trasler,ltrasler2a@howstuffworks.com,Female,Unit Dose Services,101-95-8325
60-3475010,Nikolaus,Luxton,nluxton2b@washington.edu,Male,"Energique, Inc.",379-58-6350
00-0449619,Lon,Beniesh,lbeniesh2c@aol.com,Male,Jurlique International Pty. Ltd.,515-56-4337
62-2782285,Denys,Whorf,dwhorf2d@ow.ly,Male,Strides Pharma Inc,594-45-0794
98-6971729,Reynard,Corington,rcorington2e@plala.or.jp,Male,"Antigen Laboratories, Inc.",222-92-7243
49-0526925,Greer,Scipsey,gscipsey2f@jiathis.com,Female,Chain Drug Marketing Association Inc.,736-71-3483
57-7940091,Nico,Midlar,nmidlar2g@businessweek.com,Male,"Interstate Solutions, Inc.",246-68-1469
58-8192123,Ailbert,Brognot,abrognot2h@quantcast.com,Male,HOMEOLAB USA INC.,117-76-8775
73-6035859,Sheridan,Willcocks,swillcocks2i@wikipedia.org,Male,Apotheca Company,719-93-8871
76-4500284,Audry,Sheldrick,asheldrick2j@opensource.org,Female,Rebel Distributors Corp,529-90-6366
58-7916462,Odell,Menis,omenis2k@delicious.com,Male,A-S Medication Solutions LLC,565-18-1679
94-8507914,Joela,Tunno,jtunno2l@umn.edu,Female,Target Corporation,819-90-3751
79-5138004,Chandler,Meaden,cmeaden2m@imdb.com,Male,McKesson Contract Packaging,359-38-2432
78-6585381,Jo,Mariel,jmariel2n@tinypic.com,Male,Uriel Pharmacy Inc.,267-83-0974
87-8107268,Payton,Dalyiel,pdalyiel2o@cbsnews.com,Male,Lake Erie Medical DBA Quality Care Products LLC,825-55-4045
11-4364381,Rudie,McCloughlin,rmccloughlin2p@topsy.com,Male,Sun Pharma Global FZE,511-50-7671
88-6502909,Margaret,Hugnin,mhugnin2q@zdnet.com,Female,Neutrogena Corporation,869-89-0358
99-7077726,Creighton,Coils,ccoils2r@rediff.com,Male,Medtech Products Inc.,721-15-3536
